Lat,Lng,Type,Value,Time
-45.839,170.508,temperature,14,1465019071
-45.839,170.508,temperature,14,1465019074
-45.839,170.508,temperature,14,1465019079
-45.839,170.508,temperature,14,1465019099
-45.839,170.508,temperature,14,1465019100
-45.839,170.508,temperature,14,1465019123
-45.839,170.508,temperature,14,1465019149
-45.839,170.508,temperature,14,1465019157
-45.839,170.508,temperature,14,1465019164
-45.839,170.508,temperature,14,1465019165
-45.839,170.508,temperature,14,1465019167
-45.839,170.508,temperature,14,1465019168
-45.839,170.508,temperature,14,1465019169
-45.839,170.508,temperature,14,1465019175
-45.839,170.508,temperature,14,1465019177
-45.839,170.508,temperature,14,1465019191
-45.839,170.508,temperature,14,1465019198
-45.839,170.508,temperature,14,1465019201
-45.839,170.508,temperature,14,1465019211
-45.839,170.508,temperature,14,1465019244
-45.839,170.508,temperature,14,1465019276
-45.839,170.508,temperature,14,1465019284
-45.839,170.508,temperature,14,1465019295
-45.839,170.508,temperature,14,1465019301
-45.839,170.508,temperature,14,1465019303
-45.839,170.508,temperature,14,1465019304
-45.839,170.508,temperature,14,1465019306
-45.839,170.508,temperature,14,1465019307
-45.839,170.508,temperature,14,1465019321
-45.839,170.508,temperature,14,1465019331
-45.839,170.508,temperature,14,1465019332
-45.839,170.508,temperature,14,1465019346
-45.839,170.508,temperature,14,1465019351
-45.839,170.508,temperature,14,1465019355
-45.839,170.508,temperature,14,1465019357
-45.839,170.508,temperature,14,1465019390
-45.839,170.508,temperature,14,1465019418
-45.839,170.508,temperature,14,1465019419
-45.839,170.508,temperature,14,1465019434
-45.839,170.508,temperature,14,1465019435
-45.839,170.508,temperature,14,1465019466
-45.839,170.508,temperature,14,1465019469
-45.839,170.508,temperature,14,1465019491
-45.839,170.508,temperature,14,1465019495
-45.839,170.508,temperature,14,1465019513
-45.839,170.508,temperature,14,1465019537
-45.839,170.508,temperature,14,1465019587
-45.839,170.508,temperature,14,1465019605
-45.839,170.508,temperature,14,1465019607
-45.839,170.508,temperature,14,1465019609
-45.839,170.508,temperature,14,1465019633
-45.839,170.508,temperature,14,1465019646
-45.839,170.508,temperature,14,1465019654
-45.839,170.508,temperature,13,1465019661
-45.839,170.508,temperature,13,1465019693
-45.839,170.508,temperature,13,1465019699
-45.839,170.508,temperature,13,1465019714
-45.839,170.508,temperature,13,1465019736
-45.839,170.508,temperature,13,1465019739
-45.839,170.508,temperature,13,1465019742
-45.839,170.508,temperature,13,1465019764
-45.839,170.508,temperature,13,1465019776
-45.839,170.508,temperature,13,1465019790
-45.839,170.508,temperature,13,1465019824
-45.839,170.508,temperature,14,1465019826
-45.839,170.508,temperature,13,1465019843
-45.839,170.508,temperature,13,1465019848
-45.839,170.508,temperature,13,1465019849
-45.839,170.508,temperature,13,1465019860
-45.839,170.508,temperature,13,1465019867
-45.839,170.508,temperature,13,1465019871
-45.839,170.508,temperature,14,1465019873
-45.839,170.508,temperature,14,1465019877
-45.839,170.508,temperature,14,1465019881
-45.839,170.508,temperature,14,1465019902
-45.839,170.508,temperature,14,1465019904
-45.839,170.508,temperature,14,1465019910
-45.839,170.508,temperature,14,1465019915
-45.839,170.508,temperature,14,1465019919
-45.839,170.508,undefined,14,1465019923
-45.839,170.508,temperature,14,1465019927
-45.839,170.508,temperature,14,1465019937
-45.839,170.508,temperature,14,1465019942
-45.839,170.508,temperature,14,1465019947
-45.839,170.508,temperature,14,1465019957
-45.839,170.508,temperature,14,1465019975
-45.839,170.508,temperature,14,1465020031
-45.839,170.508,temperature,14,1465020040
-45.839,170.508,temperature,14,1465020041
-45.839,170.508,temperature,14,1465020072
-45.839,170.508,temperature,14,1465020074
-45.839,170.508,temperature,14,1465020077
-45.839,170.508,temperature,14,1465020079
-45.839,170.508,temperature,14,1465020080
-45.839,170.508,temperature,14,1465020090
-45.839,170.508,temperature,14,1465020093
-45.839,170.508,temperature,14,1465020130
-45.839,170.508,undefined,14,1465020131
-45.839,170.508,temperature,14,1465020148
-45.839,170.508,temperature,14,1465020150
-45.839,170.508,temperature,14,1465020154
-45.839,170.508,temperature,14,1465020181
-45.839,170.508,temperature,14,1465020211
-45.839,170.508,temperature,14,1465020212
-45.839,170.508,temperature,14,1465020220
-45.839,170.508,temperature,14,1465020233
-45.839,170.508,temperature,14,1465020237
-45.839,170.508,temperature,14,1465020240
-45.839,170.508,temperature,14,1465020258
-45.839,170.508,temperature,14,1465020260
-45.839,170.508,temperature,14,1465020270
-45.839,170.508,temperature,14,1465020280
-45.839,170.508,temperature,14,1465020285
-45.839,170.508,temperature,14,1465020302
-45.839,170.508,temperature,14,1465020303
-45.839,170.508,temperature,14,1465020316
-45.839,170.508,temperature,14,1465020321
-45.839,170.508,temperature,14,1465020323
-45.839,170.508,temperature,14,1465020338
-45.839,170.508,temperature,14,1465020343
-45.839,170.508,temperature,14,1465020344
-45.839,170.508,temperature,14,1465020363
-45.839,170.508,temperature,14,1465020368
-45.839,170.508,temperature,14,1465020370
-45.839,170.508,temperature,14,1465020385
-45.839,170.508,temperature,14,1465020398
-45.839,170.508,temperature,14,1465020407
-45.839,170.508,temperature,14,1465020410
-45.839,170.508,temperature,14,1465020424
-45.839,170.508,temperature,14,1465020453
-45.839,170.508,temperature,14,1465020457
-45.839,170.508,temperature,14,1465020458
-45.839,170.508,temperature,14,1465020466
-45.839,170.508,temperature,14,1465020471
-45.839,170.508,temperature,13,1465020498
-45.839,170.508,temperature,13,1465020500
-45.839,170.508,temperature,13,1465020513
-45.839,170.508,temperature,13,1465020523
-45.839,170.508,temperature,13,1465020526
-45.839,170.508,temperature,13,1465020546
-45.839,170.508,temperature,13,1465020560
-45.839,170.508,temperature,13,1465020583
-45.839,170.508,temperature,13,1465020591
-45.839,170.508,temperature,13,1465020601
-45.839,170.508,temperature,13,1465020632
-45.839,170.508,temperature,13,1465020633
-45.839,170.508,temperature,13,1465020651
-45.839,170.508,temperature,13,1465020654
-45.839,170.508,temperature,13,1465020654
-45.839,170.508,temperature,13,1465020659
-45.839,170.508,temperature,13,1465020661
-45.839,170.508,temperature,13,1465020666
-45.839,170.508,temperature,13,1465020666
-45.839,170.508,temperature,13,1465020668
-45.839,170.508,temperature,13,1465020672
-45.839,170.508,temperature,13,1465020678
-45.839,170.508,temperature,13,1465020679
-45.839,170.508,temperature,13,1465020686
-45.839,170.508,temperature,13,1465020739
-45.839,170.508,temperature,13,1465020755
-45.839,170.508,temperature,13,1465020764
-45.839,170.508,temperature,13,1465020766
-45.839,170.508,temperature,13,1465020785
-45.839,170.508,temperature,13,1465020789
-45.839,170.508,temperature,13,1465020792
-45.839,170.508,temperature,13,1465020806
-45.839,170.508,temperature,13,1465020814
-45.839,170.508,temperature,13,1465020855
-45.839,170.508,temperature,13,1465020903
-45.839,170.508,temperature,13,1465020908
-45.839,170.508,temperature,13,1465020919
-45.839,170.508,temperature,13,1465020921
-45.839,170.508,temperature,13,1465020935
-45.839,170.508,temperature,13,1465020936
-45.839,170.508,temperature,13,1465020955
-45.839,170.508,temperature,13,1465020961
-45.839,170.508,temperature,13,1465020963
-45.839,170.508,temperature,13,1465020978
-45.839,170.508,temperature,13,1465020979
-45.839,170.508,temperature,13,1465020982
-45.839,170.508,temperature,13,1465020987
-45.839,170.508,temperature,13,1465020990
-45.839,170.508,temperature,13,1465020997
-45.839,170.508,temperature,13,1465021000
-45.839,170.508,temperature,13,1465021016
-45.839,170.508,temperature,13,1465021026
-45.839,170.508,temperature,13,1465021080
-45.839,170.508,temperature,13,1465021106
-45.839,170.508,temperature,13,1465021114
-45.839,170.508,temperature,13,1465021116
-45.839,170.508,temperature,13,1465021145
-45.839,170.508,temperature,13,1465021148
-45.839,170.508,temperature,13,1465021152
-45.839,170.508,temperature,13,1465021154
-45.839,170.508,temperature,13,1465021157
-45.839,170.508,temperature,13,1465021176
-45.839,170.508,temperature,13,1465021183
-45.839,170.508,undefined,13,1465021190
-45.839,170.508,temperature,13,1465021193
-45.839,170.508,temperature,13,1465021196
-45.839,170.508,temperature,13,1465021198
-45.839,170.508,temperature,13,1465021210
-45.839,170.508,temperature,13,1465021249
-45.839,170.508,temperature,13,1465021250
-45.839,170.508,temperature,13,1465021259
-45.839,170.508,undefined,13,1465021264
-45.839,170.508,temperature,13,1465021272
-45.839,170.508,temperature,13,1465021284
-45.839,170.508,temperature,13,1465021314
-45.839,170.508,temperature,13,1465021323
-45.839,170.508,temperature,13,1465021346
-45.839,170.508,temperature,13,1465021407
-45.839,170.508,temperature,13,1465021409
-45.839,170.508,temperature,13,1465021413
-45.839,170.508,temperature,13,1465021413
-45.839,170.508,temperature,13,1465021425
-45.839,170.508,temperature,13,1465021432
-45.839,170.508,temperature,13,1465021440
-45.839,170.508,temperature,13,1465021442
-45.839,170.508,temperature,13,1465021443
-45.839,170.508,temperature,13,1465021451
-45.839,170.508,temperature,13,1465021452
-45.839,170.508,temperature,13,1465021473
-45.839,170.508,temperature,13,1465021474
-45.839,170.508,temperature,13,1465021477
-45.839,170.508,temperature,13,1465021481
-45.839,170.508,temperature,13,1465021481
-45.839,170.508,temperature,13,1465021483
-45.839,170.508,temperature,13,1465021488
-45.839,170.508,temperature,13,1465021490
-45.839,170.508,temperature,13,1465021511
-45.839,170.508,temperature,13,1465021553
-45.839,170.508,temperature,13,1465021555
-45.839,170.508,temperature,13,1465021570
-45.839,170.508,temperature,13,1465021582
-45.839,170.508,temperature,13,1465021593
-45.839,170.508,temperature,13,1465021594
-45.839,170.508,temperature,13,1465021596
-45.839,170.508,temperature,13,1465021621
-45.839,170.508,temperature,13,1465021632
-45.839,170.508,temperature,13,1465021633
-45.839,170.508,temperature,13,1465021636
-45.839,170.508,temperature,13,1465021647
-45.839,170.508,temperature,13,1465021655
-45.839,170.508,temperature,13,1465021685
-45.839,170.508,temperature,13,1465021697
-45.839,170.508,temperature,13,1465021699
-45.839,170.508,temperature,13,1465021709
-45.839,170.508,temperature,13,1465021714
-45.839,170.508,temperature,13,1465021739
-45.839,170.508,temperature,13,1465021749
-45.839,170.508,temperature,13,1465021782
-45.839,170.508,temperature,13,1465021810
-45.839,170.508,temperature,13,1465021812
-45.839,170.508,temperature,13,1465021815
-45.839,170.508,temperature,13,1465021820
-45.839,170.508,temperature,13,1465021821
-45.839,170.508,temperature,13,1465021854
-45.839,170.508,temperature,13,1465021864
-45.839,170.508,temperature,13,1465021867
-45.839,170.508,temperature,13,1465021874
-45.839,170.508,temperature,13,1465021879
-45.839,170.508,temperature,13,1465021891
-45.839,170.508,temperature,13,1465021944
-45.839,170.508,temperature,13,1465021976
-45.839,170.508,temperature,13,1465021988
-45.839,170.508,temperature,13,1465021989
-45.839,170.508,temperature,13,1465021992
-45.839,170.508,temperature,13,1465022007
-45.839,170.508,temperature,12,1465022015
-45.839,170.508,temperature,12,1465022024
-45.839,170.508,temperature,12,1465022051
-45.839,170.508,temperature,12,1465022058
-45.839,170.508,temperature,12,1465022092
-45.839,170.508,undefined,12,1465022097
-45.839,170.508,temperature,12,1465022098
-45.839,170.508,temperature,12,1465022104
-45.839,170.508,temperature,12,1465022113
-45.839,170.508,temperature,12,1465022119
-45.839,170.508,temperature,12,1465022129
-45.839,170.508,temperature,12,1465022137
-45.839,170.508,temperature,12,1465022157
-45.839,170.508,temperature,12,1465022161
-45.839,170.508,temperature,12,1465022181
-45.839,170.508,temperature,12,1465022182
-45.839,170.508,temperature,12,1465022203
-45.839,170.508,temperature,12,1465022204
-45.839,170.508,temperature,12,1465022206
-45.839,170.508,temperature,12,1465022208
-45.839,170.508,temperature,12,1465022230
-45.839,170.508,temperature,12,1465022239
-45.839,170.508,temperature,12,1465022240
-45.839,170.508,temperature,12,1465022243
-45.839,170.508,temperature,12,1465022266
-45.839,170.508,temperature,12,1465022268
-45.839,170.508,temperature,12,1465022271
-45.839,170.508,temperature,12,1465022281
-45.839,170.508,temperature,12,1465022296
-45.839,170.508,temperature,12,1465022299
-45.839,170.508,temperature,12,1465022306
-45.839,170.508,temperature,12,1465022333
-45.839,170.508,temperature,12,1465022338
-45.839,170.508,temperature,12,1465022350
-45.839,170.508,temperature,12,1465022358
-45.839,170.508,temperature,12,1465022361
-45.839,170.508,temperature,12,1465022364
-45.839,170.508,temperature,12,1465022370
0,0,,0,0
0,0,,0,0
0,0,,0,0
0,0,,0,0
0,0,,0,0
0,0,,0,0
0,0,,0,0
0,0,,0,0
0,0,,0,0
0,0,,0,0
0,0,,0,0
0,0,,0,0
0,0,,0,0
0,0,,0,0
0,0,,0,0
0,0,,0,0
0,0,,0,0
0,0,,0,0
0,0,,0,0
0,0,,0,0
0,0,,0,0
0,0,,0,0
0,0,,0,0
0,0,,0,0
0,0,,0,0
0,0,,0,0
0,0,,0,0
0,0,,0,0
0,0,,0,0
0,0,,0,0
0,0,,0,0
0,0,,0,0
0,0,,0,0
0,0,,0,0
0,0,,0,0
0,0,,0,0
0,0,,0,0
0,0,,0,0
0,0,,0,0
0,0,,0,0
0,0,,0,0
0,0,,0,0
0,0,,0,0
0,0,,0,0
0,0,,0,0
0,0,,0,0
0,0,,0,0
0,0,,0,0
0,0,,0,0
0,0,1,255,255
0,0,1,255,255
0,0,1,255,255
0,0,1,255,255
0,0,1,12,1467952340
0,0,1,12,1467952467
0,0,1,12,1467952647
0,0,1,12,1467952647
0,0,1,12,1467952691
0,0,1,12,1467952691
0,0,1,12,1467952691
0,0,1,12,1467952692
0,0,1,12,1467952692
0,0,1,12,1467952692
0,0,1,12,1467952692
0,0,1,12,1467952692
0,0,1,12,1467952692
0,0,1,12,1467952693
0,0,1,12,1467952693
0,0,1,12,1467952693
0,0,1,12,1467952693
0,0,1,12,1467952693
0,0,1,12,1467952694
0,0,1,12,1467952694
0,0,1,12,1467952694
0,0,1,12,1467952694
0,0,1,12,1467952694
0,0,1,1212,1468053486
0,0,1,1212,1468053486
0,0,1,1212,1468053486
0,0,1,1212,1468053486
0,0,1,1212,1468053486
0,0,1,1212,1468053486
0,0,1,1212,1468053486
0,0,1,1212,1468053486
0,0,1,12,1468054060
0,0,1,12,1468054060
0,0,1,12,1468054061
0,0,1,12,1468054061
0,0,1,12,1468054061
0,0,1,12,1468054061
0,0,1,12,1468054061
0,0,1,12,1468054060
0,0,1,12,1468054060
0,0,1,12,1468054061
0,0,1,12,1468054061
0,0,1,12,1468054061
0,0,1,12,1468054061
0,0,1,12,1468054061
0,0,1,12,1468054162
0,0,1,12,1468054163
0,0,1,12,1468054163
0,0,1,1212,1468115514
0,0,1,1212,1468115515
0,0,1,1212,1468115515
0,0,1,1212,1468115515
0,0,1,1212,1468115515
0,0,1,1212,1468115516
0,0,1,1212,1468115514
0,0,1,1212,1468115515
0,0,1,1212,1468115515
0,0,1,1212,1468115515
0,0,1,1212,1468115515
0,0,1,1212,1468115516
0,0,1,1212,1468115514
0,0,1,1212,1468115515
0,0,1,1212,1468115515
0,0,1,1212,1468115515
0,0,1,1212,1468115515
0,0,1,1212,1468115516
0,0,1,1212,1468115514
0,0,1,1212,1468115515
0,0,1,1212,1468115515
0,0,1,1212,1468115515
0,0,1,1212,1468115515
0,0,1,1212,1468115516
0,0,1,1212,1468115514
0,0,1,1212,1468115515
0,0,1,1212,1468115515
0,0,1,1212,1468115515
0,0,1,1212,1468115515
0,0,1,1212,1468115516
0,0,3,10,83
-45.839,170.508,1,20,1468142193
-45.839,170.508,1,20,1468143062
-45.839,170.508,1,20,1468143472
-45.839,170.508,1,20,1468143642
-45.839,170.508,1,20,1468143683
-45.839,170.508,1,20,1468143715
-45.839,170.508,1,20,1468143715
-45.839,170.508,1,20,1468143718
-45.839,170.508,1,20,1468143730
-45.839,170.508,1,20,1468143730
-45.839,170.508,1,20,1468143731
-45.839,170.508,1,20,1468143733
-45.839,170.508,1,20,1468143733
-45.839,170.508,1,20,1468143735
-45.839,170.508,1,20,1468143739
-45.839,170.508,1,20,1468143741
-45.839,170.508,1,20,1468143748
-45.839,170.508,1,20,1468143749
-45.839,170.508,1,20,1468143751
-45.839,170.508,1,20,1468143752
-45.839,170.508,1,20,1468143753
-45.839,170.508,1,20,1468143769
-45.839,170.508,1,20,1468143770
-45.839,170.508,1,20,1468143773
-45.839,170.508,1,20,1468143773
-45.839,170.508,1,20,1468143774
-45.839,170.508,1,20,1468143775
-45.839,170.508,1,20,1468143777
-45.839,170.508,1,20,1468143781
-45.839,170.508,1,20,1468143782
-45.839,170.508,1,20,1468143784
-45.839,170.508,1,20,1468143787
-45.839,170.508,1,20,1468143787
-45.839,170.508,1,20,1468143788
-45.839,170.508,1,20,1468143788
-45.839,170.508,1,20,1468143791
-45.839,170.508,1,20,1468143792
-45.839,170.508,1,20,1468143793
-45.839,170.508,1,20,1468143794
0,0,3,101,116
0,0,3,101,116
0,0,3,101,116
0,0,3,101,116
0,0,3,101,116
0,0,3,101,116
0,0,3,101,116
0,0,3,101,116
0,0,3,101,116
0,0,3,101,116
0,0,3,101,116
0,0,9,110,99
0,0,9,110,99
0,0,9,110,99
0,0,9,110,99
0,0,3,101,116
0,0,3,101,116
0,0,3,101,116
0,0,3,101,116
0,0,3,101,116
0,0,3,101,116
0,0,9,110,99
0,0,9,110,99
0,0,9,110,99
0,0,0,0,0
0,0,9,110,99
0,0,9,110,99
0,0,9,110,99
0,0,9,110,99
0,0,9,110,99
0,0,0,196,35
0,0,0,240,240
0,0,0,240,240
0,0,0,240,240
0,0,0,240,240
0,0,3,101,116
0,0,3,101,116
0,0,3,101,116
0,0,3,101,116
0,0,3,101,116
0,0,3,101,116
0,0,3,101,116
0,0,3,101,116
0,0,3,101,116
0,0,3,101,116
0,0,3,101,116
0,0,3,101,116
0,0,3,101,116
0,0,3,101,116
0,0,3,101,116
0,0,3,101,116
0,0,3,101,116
0,0,3,101,116
0,0,3,101,116
0,0,3,101,116
0,0,3,101,116
0,0,3,101,116
0,0,3,101,116
0,0,3,101,116
0,0,3,101,116
0,0,3,101,116
0,0,3,101,116
0,0,3,101,116
0,0,3,101,116
0,0,3,101,116
0,0,3,101,116
0,0,3,101,116
0,0,3,101,116
0,0,3,101,116
0,0,3,101,116
0,0,3,101,116
0,0,3,101,116
0,0,3,101,116
0,0,3,101,116
0,0,3,101,116
0,0,3,101,116
0,0,3,101,116
0,0,3,111,110
0,0,3,101,116
0,0,3,101,116
0,0,3,101,116
0,0,3,111,110
0,0,3,101,116
0,0,3,101,116
0,0,3,101,116
0,0,3,101,116
0,0,4,82,1468278310
0,0,4,82,1468279518
-45.839,170.508,1,17,1468281684
-45.839,170.508,1,17,1468281685
-45.839,170.508,1,17,1468281686
-45.839,170.508,1,17,1468281686
-45.839,170.508,1,17,1468281687
-45.839,170.508,1,17,1468281688
-45.839,170.508,1,17,1468281705
-45.839,170.508,1,17,1468281706
-45.839,170.508,1,17,1468281707
-45.839,170.508,1,17,1468281707
-45.839,170.508,1,17,1468281709
-45.839,170.508,1,17,1468281716
-45.839,170.508,1,17,1468281719
-45.839,170.508,1,17,1468281719
-45.839,170.508,1,17,1468281719
-45.839,170.508,1,17,1468281721
-45.839,170.508,1,17,1468281728
-45.839,170.508,1,17,1468281729
-45.839,170.508,1,17,1468281733
-45.839,170.508,1,17,1468281733
-45.839,170.508,1,17,1468281734
-45.839,170.508,1,17,1468281737
-45.839,170.508,1,17,1468281742
-45.839,170.508,1,17,1468281966
0,0,9,110,99
0,0,9,110,99
0,0,9,110,99
0,0,9,110,99
0,0,9,110,99
0,0,9,110,99
0,0,0,0,0
0,0,0,0,0
0,0,0,0,0
0,0,0,0,0
0,0,0,0,0
0,0,0,0,0
0,0,0,0,0
0,0,0,0,0
0,0,0,0,0
0,0,0,0,0
0,0,0,0,0
0,0,0,0,0
0,0,0,0,0
0,0,0,0,0
0,0,0,0,0
0,0,0,0,0
0,0,0,0,0
0,0,0,0,0
0,0,0,0,0
0,0,0,0,0
0,0,0,0,0
0,0,0,0,0
0,0,0,0,0
0,0,0,0,0
0,0,0,0,0
0,0,0,0,0
0,0,0,0,0
0,0,0,0,0
0,0,0,0,0
0,0,0,0,0
0,0,0,0,0
0,0,0,0,0
0,0,0,0,0
0,0,0,0,0
0,0,0,0,0
0,0,0,0,0
0,0,0,0,0
0,0,0,0,0
0,0,0,0,0
0,0,0,0,0
0,0,0,0,0
0,0,0,0,0
0,0,0,0,0
0,0,0,0,0
0,0,0,0,0
0,0,0,0,0
0,0,0,0,0
0,0,0,0,0
0,0,0,0,0
0,0,0,0,0
0,0,0,0,0
0,0,0,0,0
0,0,0,0,0
0,0,0,0,0
0,0,0,0,0
0,0,0,0,0
0,0,0,0,0
0,0,0,0,0
0,0,0,0,0
0,0,0,0,0
0,0,0,0,0
0,0,0,0,0
0,0,0,0,0
0,0,0,0,0
0,0,0,0,0
0,0,0,0,0
0,0,0,0,0
0,0,0,0,0
0,0,0,0,0
-45.839,170.508,1,17,33
-45.839,170.508,1,17,33
-45.839,170.508,1,17,33
-45.839,170.508,1,17,33
-45.839,170.508,1,17,33
-45.839,170.508,1,17,33
-45.839,170.508,1,17,33
-45.839,170.508,1,17,33
-45.839,170.508,1,17,33
-45.839,170.508,1,17,33
-45.839,170.508,1,17,33
-45.839,170.508,1,17,33
-45.839,170.508,1,18,33
-45.839,170.508,1,18,33
-45.839,170.508,1,68,46
0,0,11,1,16
0,0,11,1,16
0,0,11,1,16
0,0,11,1,1468362967
0,0,11,1,16
0,0,11,1,16
0,0,11,1,1468363491
0,0,11,1,1468363648
0,0,11,0,1468363794
0,0,11,0,1468363799
0,0,11,1,1468363888
0,0,11,1,1468363979
0,0,11,1,1468364045
0,0,11,1,1468364071
0,0,11,0,1468364101
0,0,11,0,1468364105
0,0,11,1,1468364107
0,0,11,0,1468364120
0,0,11,1,1468364141
0,0,11,0,1468364146
0,0,11,1,1468364147
0,0,11,0,1468364150
0,0,11,1,1468364172
0,0,11,1,1468364176
0,0,11,1,1468364184
0,0,11,0,1468364199
0,0,11,0,1468364225
0,0,11,1,1468364227
0,0,11,0,1468364263
0,0,11,0,1468364288
0,0,11,0,1468364303
0,0,11,1,1468364305
0,0,11,1,1468364313
0,0,11,0,1468364334
0,0,11,0,1468364346
0,0,11,1,1468364349
0,0,11,0,1468364355
0,0,11,1,1468364361
0,0,11,0,1468364365
0,0,11,0,1468364380
0,0,11,1,1468364382
0,0,11,0,1468364385
0,0,11,0,1468364403
0,0,11,0,1468364442
0,0,11,0,1468364457
0,0,11,1,1468364480
0,0,11,1,1468364487
0,0,11,0,1468364502
0,0,11,1,1468364509
0,0,11,1,1468364545
0,0,11,1,1468364560
0,0,11,0,1468364592
0,0,11,0,1468364604
0,0,11,0,1468364639
0,0,11,1,1468364661
0,0,11,0,1468364684
0,0,11,0,1468364694
0,0,11,1,1468364695
0,0,11,0,1468364699
0,0,11,1,1468364706
0,0,11,0,1468364708
0,0,11,1,1468364714
0,0,11,0,1468364736
0,0,11,0,1468364754
0,0,11,0,1468364774
0,0,11,1,1468364783
0,0,11,0,1468364794
0,0,11,1,1468364803
0,0,11,0,1468364806
0,0,11,0,1468364825
0,0,11,0,1468364834
0,0,11,0,1468364859
0,0,11,1,1468364865
0,0,11,0,1468364872
0,0,11,0,1468364876
0,0,11,1,1468364893
0,0,11,1,1468364901
0,0,11,0,1468364903
0,0,11,1,1468364917
0,0,11,1,1468364934
0,0,11,1,1468364942
0,0,11,1,1468364968
0,0,11,1,1468365006
0,0,11,1,1468365040
0,0,11,0,1468365042
0,0,11,1,1468365048
0,0,11,0,1468365050
0,0,11,0,1468365055
0,0,11,0,1468365059
0,0,11,0,1468365065
0,0,11,1,1468365071
0,0,11,0,1468365088
0,0,11,1,1468365102
0,0,11,0,1468365105
0,0,11,1,1468365111
0,0,11,1,1468365115
0,0,11,1,1468365119
0,0,11,0,1468365139
0,0,11,0,1468365143
0,0,11,1,1468365144
0,0,11,1,1468365158
0,0,11,1,1468365176
0,0,11,0,1468365186
0,0,11,1,1468365192
0,0,11,1,1468365204
0,0,11,0,1468365207
0,0,11,0,1468365211
0,0,11,0,1468365224
0,0,11,1,1468365225
0,0,11,0,1468365241
0,0,11,1,1468365272
0,0,11,7,1468365281
0,0,11,19,1468365298
0,0,11,21,1468365301
0,0,11,27,1468365310
0,0,11,29,1468365313
0,0,11,37,1468365325
0,0,2,114,1468365340
0,0,11,16,1468395561
0,0,11,36,1468395598
0,0,11,41,1468395599
0,0,11,45,1468395604
0,0,11,53,1468395616
0,0,11,56,1468395620
0,0,11,59,1468395625
0,0,11,60,1468395626
0,0,11,61,1468395628
0,0,11,68,1468395638
0,0,11,28,1468395907
0,0,11,4,1468396721
0,0,11,17,1468396740
0,0,11,20,1468396749
0,0,11,21,1468396749
0,0,11,34,1468396765
0,0,11,35,1468396767
0,0,11,39,1468396773
0,0,2,114,1468402013
0,0,11,152,1468402016
0,0,11,174,1468402049
0,0,11,179,1468402056
0,0,11,185,1468402065
0,0,11,193,1468402077
0,0,11,214,1468402109
0,0,11,230,1468402132
0,0,11,236,1468402141
0,0,11,240,1468402147
0,0,11,246,1468402156
0,0,11,251,1468402164
0,0,11,3,1468402175
0,0,11,254,1468402186
0,0,11,29,1468402214
0,0,11,32,1468402218
0,0,11,35,1468402223
0,0,11,36,1468402224
0,0,11,41,1468402232
0,0,11,42,1468402233
0,0,11,50,1468402245
0,0,11,59,1468402258
0,0,11,61,1468402261
0,0,11,64,1468402266
0,0,11,70,1468402275
0,0,11,72,1468402278
0,0,11,73,1468402279
0,0,11,79,1468402288
0,0,11,82,1468402293
0,0,11,87,1468402300
0,0,11,97,1468402315
0,0,11,101,1468402321
0,0,11,105,1468402327
0,0,11,111,1468402336
0,0,11,112,1468402337
0,0,11,125,1468402356
0,0,11,127,1468402359
0,0,11,136,1468402373
0,0,11,137,1468402374
0,0,11,143,1468402383
0,0,11,151,1468402395
0,0,11,156,1468402403
0,0,11,157,1468402404
0,0,11,172,1468402426
0,0,11,188,1468402450
0,0,11,190,1468402453
0,0,11,192,1468402456
0,0,11,202,1468402471
0,0,11,203,1468402473
0,0,11,214,1468402489
0,0,11,229,1468402511
0,0,11,250,1468402542
0,0,11,252,1468402545
0,0,11,255,1468402550
0,0,11,3,1468402556
0,0,11,7,1468402563
0,0,11,19,1468402579
0,0,11,27,1468402595
0,0,11,28,1468402595
0,0,11,35,1468402603
0,0,11,37,1468402606
0,0,11,39,1468402609
0,0,11,44,1468402617
0,0,11,54,1468402631
0,0,11,56,1468402634
0,0,11,59,1468402639
0,0,11,60,1468402640
0,0,11,61,1468402642
0,0,11,63,1468402645
0,0,11,65,1468402648
0,0,11,66,1468402649
0,0,11,68,1468402652
0,0,11,70,1468402655
0,0,11,72,1468402658
0,0,11,74,1468402665
0,0,11,87,1468402680
0,0,11,89,1468402683
0,0,11,93,1468402689
0,0,11,98,1468402697
0,0,11,103,1468402704
0,0,11,106,1468402709
0,0,11,121,1468402731
0,0,11,135,1468402752
0,0,11,136,1468402753
0,0,11,62,1468438763
0,0,11,66,1468438769
0,0,11,69,1468438773
0,0,11,72,1468438778
0,0,11,79,1468438788
0,0,11,80,1468438790
0,0,11,82,1468438793
0,0,11,84,1468438796
0,0,11,87,1468438800
0,0,11,93,1468438809
0,0,11,15,1468438868
0,0,11,24,1468438881
0,0,11,25,1468438883
0,0,11,35,1468438898
0,0,11,36,1468438899
0,0,11,42,1468438908
0,0,11,44,1468438911
0,0,11,238,1468453646
0,0,11,2,1468454811
0,0,11,16,1468455609
0,0,11,23,1468456268
0,0,11,32,1468456281
0,0,11,44,1468456299
0,0,11,67,1468456333
0,0,11,86,1468456361
0,0,11,89,1468456366
0,0,2,114,1468456379
0,0,11,104,1468456388
0,0,11,109,1468456395
0,0,11,112,1468456400
0,0,11,115,1468456404
0,0,11,164,1468456477
0,0,11,189,1468456514
0,0,11,214,1468456552
0,0,11,225,1468456568
0,0,11,240,1468456590
0,0,11,242,1468456593
0,0,11,11,1468456630
0,0,11,22,1468456647
0,0,11,26,1468456653
0,0,12,121,1469569376
0,0,12,121,1469569376
0,0,12,121,1469569666
0,0,12,121,1469569666
0,0,12,121,1469569666
0,0,12,121,1469569666
0,0,12,121,1469569666
0,0,12,121,1469569666
0,0,12,121,1469569666
0,0,12,121,1469569666
0,0,12,1,1469569997
0,0,12,1,1469569997
0,0,12,1,1469569997
0,0,1,12,1469570069
0,0,1,12,1469570069
0,0,1,12,1469570069
0,0,1,12,1469570069
0,0,0,4,1469586928
0,0,0,4,1469586928
0,0,1,1212,1469587292
0,0,1,1212,1469587292
-45.839,170.508,0,2323,1469588975
-45.839,170.508,0,2323,1469588976
-45.7759,170.601,45,14,1469607914
-45.7759,170.601,45,15,1469607916
-45.7759,170.601,45,16,1469607919
-45.7759,170.601,45,18,1469607924
-45.7759,170.601,45,20,1469607928
-45.7759,170.601,45,21,1469607933
-45.7759,170.601,45,21,1469607937
-45.7759,170.601,45,21,1469607939
-45.7759,170.601,45,17,1469607947
-45.7759,170.601,45,15,1469607952
-45.7759,170.601,45,13,1469607954
-45.7759,170.601,45,11,1469607958
-45.7759,170.601,45,9,1469607960
-45.7771,170.598,45,12,1469608708
-45.7771,170.598,45,23,1469608711
-45.7771,170.598,45,34,1469608714
-45.7771,170.598,45,23,1469608720
-45.7771,170.598,45,21,1469608724
-45.7771,170.598,45,12,1469608727
-45.7759,170.601,45,4,1469753647
-45.7759,170.601,45,4,1469753647
-45.7759,170.601,45,4,1469753647
-45.7759,170.601,45,4,1469754227
-45.7759,170.601,45,4,1469754227
-45.7759,170.601,45,1,1469755367
-45.7759,170.601,45,1,1469755367
-45.7759,170.601,45,1,1469779940
-45.7759,170.601,45,1,1469779940
-45.7759,170.601,temp,1,1469779940
-45.7759,170.601,temp,2,1469780162
-45.7759,170.601,temp,2,1469780162
-45.7759,170.601,temp,2,1469780162
-45.7759,170.601,temp,2,1469780162
-45.7759,170.601,temp,2,1469826734
-45.7759,170.601,temp,2,1469826894
-45.7759,170.601,temp,2,1469826894
-45.7759,170.601,temp,2,1469826894
-45.7759,170.601,temp,2,1469826894
-45.7759,170.601,temp,2,1469826894
-45.7759,170.601,temp,2,1469826894
-45.7759,170.601,temp,2,1469826894
-45.7759,170.601,temp,2,1469826894
-45.7759,170.601,temp,2,1469826894
-45.7759,170.601,temp,2,1469826894
-45.7759,170.601,temp,2,1469826894
-45.7759,170.601,temp,2,1469827336
-45.7759,170.601,temp,2,1469827336
-45.7759,170.601,temp,2,1469827351
-45.7759,170.601,temp,2,1469827351
-45.7759,170.601,temp,2,1469827351
-45.7759,170.601,temp,2,1469827351
-45.7759,170.601,temp,2,1469827351
-45.7759,170.601,temp,2,1469827351
-45.7759,170.601,temp,2,1469827351
-45.7759,170.601,temp,2,1469827351
-45.7759,170.601,temp,2,1469827351
-45.7759,170.601,temp,2,1469827351
-45.7759,170.601,temp,2,1469827351
-45.7759,170.601,temp,2,1469837763
-45.7759,170.601,temp,2,1469835763
-45.7759,170.601,temp,2,1469879520
-45.7759,170.601,temp,6,1469879537
-45.7759,170.601,temp,6,1469879557
-45.7759,170.601,temp,6,1469879557
-45.7759,170.601,temp,56,1469879610
-45.7759,170.601,temp,56,1469879610
-45.7759,170.601,temp,56,1469879610
-45.7759,170.601,temp,56,1469879610
-45.7759,170.601,temp,56,1469879610
-45.7759,170.601,temp,2,1469879795
-45.7759,170.601,temp,7,1469879957
-45.7759,170.601,temp,1,1469879986
-45.7759,170.601,temp,3,1469943607
-45.7759,170.601,temp,6,1469943629
-45.7759,170.601,temp,3,1469943714
-45.7759,170.601,temp,4,1470018170
-45.7759,170.601,temp,4,1470018170
0,0,9,0,1470370671
0,0,9,1,1470370709
0,0,9,0,1470433254
0,0,9,0,1470433299
0,0,9,1,1470436899
0,0,9,0,1470436909
0,0,9,0,1470436955
0,0,9,0,1470436978
0,0,9,1,1470438712
0,0,9,1,1470438718
0,0,9,1,1470438724
0,0,9,1,1470438729
0,0,gate,0,1470439063
0,0,gate,1,1470535502
0,0,gate,0,1470535680
0,0,gate,1,1470535714
0,0,gate,1,1470535747
0,0,gate,0,1470536268
0,0,gate,1,1470603184
0,0,gate,1,1470603205
0,0,gate,1,1470603245
0,0,gate,0,1470603424
0,0,gate,1,1470603474
0,0,gate,1,1470603491
0,0,gate,1,1470603497
0,0,gate,1,1470603509
0,0,gate,1,1470603523
0,0,gate,1,1470603576
0,0,gate,1,1470603588
0,0,gate,0,1470603622
0,0,gate,0,1470603636
0,0,gate,1,1470603702
0,0,gate,1,1470603727
0,0,gate,1,1470603751
0,0,gate,0,1470604250
0,0,gate,0,1470604256
0,0,gate,0,1470604268
0,0,gate,0,1470604273
0,0,gate,1,1470606073
0,0,gate,0,1470608931
0,0,gate,0,1470608953
0,0,9,0,1472186778
